Released_Year,Certificate,Runtime,Genre,IMDB_Rating,Meta_score,Director,Star1,Star2,Star3,Star4,No_of_Votes,Gross
1972.0,1,175.0,122,9.2,100.0,137,417,9,335,194,1620367.0,134966411.0
2008.0,14,152.0,22,9.0,84.0,83,128,283,1,620,2303232.0,534858444.0
1974.0,1,202.0,122,9.0,90.0,137,9,656,703,194,1129952.0,57300000.0
1957.0,12,96.0,122,9.0,96.0,456,252,464,534,421,689845.0,4360000.0
2003.0,12,201.0,4,8.9,94.0,383,184,796,313,678,1642758.0,377845905.0
1994.0,1,154.0,122,8.9,94.0,391,325,791,748,111,1826188.0,107928762.0
1993.0,1,195.0,87,8.9,94.0,470,386,638,73,132,1213505.0,96898818.0
2010.0,14,148.0,11,8.8,74.0,83,382,409,216,496,2067042.0,292576195.0
1999.0,1,139.0,137,8.8,66.0,100,80,189,553,930,1854740.0,37030102.0
2001.0,12,178.0,4,8.8,92.0,383,184,300,623,799,1661481.0,315544750.0
1994.0,14,142.0,172,8.8,82.0,426,604,666,257,779,1809221.0,330252182.0
1966.0,1,161.0,201,8.8,90.0,449,135,196,485,17,688390.0,6100000.0
2002.0,14,179.0,4,8.7,87.0,383,184,300,854,678,1485555.0,342551365.0
1999.0,1,136.0,34,8.7,73.0,284,388,435,479,133,1676426.0,171479930.0
1990.0,1,146.0,84,8.7,90.0,313,514,644,384,552,1020727.0,46836394.0
1980.0,14,124.0,6,8.7,82.0,191,414,280,110,92,1159315.0,290475067.0
1975.0,1,133.0,137,8.7,83.0,342,273,482,562,699,918088.0,112000000.0
2020.0,6,160.0,87,8.6,90.0,492,390,627,490,734,55291.0,0.0
2019.0,1,132.0,106,8.6,96.0,56,343,466,131,152,552778.0,53367844.0
2020.0,12,153.0,137,8.6,83.6313381958629,472,577,490,630,55,54995.0,0.0
2014.0,14,169.0,51,8.6,74.0,83,426,46,370,564,1512360.0,188020017.0
2002.0,1,130.0,122,8.6,79.0,135,367,24,483,602,699256.0,7563397.0
2001.0,12,125.0,69,8.6,96.0,179,153,742,583,768,651376.0,10055859.0
1998.0,8,169.0,182,8.6,91.0,470,604,521,831,223,1235804.0,216540909.0
1999.0,1,189.0,123,8.6,61.0,141,604,540,178,98,1147794.0,136801374.0
1997.0,12,116.0,105,8.6,59.0,427,518,583,273,291,623629.0,57598247.0
1995.0,1,127.0,129,8.6,65.0,100,453,81,459,38,1445096.0,100125643.0
1991.0,1,118.0,132,8.6,85.0,253,312,51,480,479,1270197.0,130742922.0
1977.0,14,121.0,6,8.6,90.0,158,414,280,110,19,1231473.0,322740140.0
1962.0,15,133.0,27,8.6,85.0,316,591,6,771,853,42004.0,0.0
1954.0,12,207.0,4,8.6,98.0,9,611,748,452,921,315744.0,269061.0
1946.0,5,130.0,139,8.6,89.0,140,282,177,499,857,405801.0,0.0
2019.0,1,122.0,132,8.5,59.0,499,311,656,887,263,939252.0,335451311.0
2014.0,1,106.0,162,8.5,88.0,90,448,312,557,693,717585.0,13092000.0
2011.0,14,112.0,83,8.5,57.0,366,657,236,621,47,760360.0,13182281.0
2006.0,12,130.0,169,8.5,66.0,83,128,297,755,620,1190259.0,53089891.0
2006.0,1,151.0,132,8.5,85.0,313,382,521,330,588,1189773.0,132384315.0
2002.0,8,150.0,88,8.5,85.0,431,6,763,242,242,729603.0,32572577.0
2000.0,14,155.0,4,8.5,67.0,411,531,379,152,676,1341460.0,187705427.0
1998.0,8,119.0,137,8.5,62.0,507,181,187,78,394,1034705.0,6719864.0
1995.0,1,106.0,135,8.5,77.0,64,358,241,123,827,991208.0,23341568.0
1994.0,1,110.0,22,8.5,64.0,294,298,245,597,179,1035236.0,19501238.0
1994.0,12,88.0,68,8.5,88.0,428,512,523,367,364,942045.0,422783777.0
1991.0,12,137.0,34,8.5,75.0,202,45,478,207,750,995506.0,204843350.0
1988.0,12,155.0,172,8.5,80.0,167,485,209,51,345,230763.0,11990401.0
1988.0,12,89.0,80,8.5,94.0,192,613,63,7,919,235231.0,0.0
1985.0,12,116.0,44,8.5,87.0,426,438,131,482,169,1058081.0,210609762.0
1968.0,12,165.0,201,8.5,80.0,449,252,109,149,378,302844.0,5321508.0
1960.0,1,109.0,194,8.5,97.0,22,38,339,848,422,604211.0,32000000.0
1942.0,12,102.0,175,8.5,100.0,329,262,303,639,162,522093.0,1024560.0
1936.0,3,87.0,101,8.5,96.0,74,111,620,300,863,217881.0,163245.0
1931.0,3,87.0,105,8.5,99.0,74,111,801,235,316,167839.0,19181.0
2018.0,1,126.0,137,8.4,75.0,346,653,828,90,488,62635.0,1661096.0
2017.0,15,125.0,87,8.4,82.13907437966071,68,198,838,322,516,34112.0,0.0
2017.0,14,147.0,22,8.4,81.550712139506,154,490,490,855,812,28401.0,0.0
2016.0,12,106.0,78,8.4,79.0,300,536,564,731,54,194838.0,5017246.0
2016.0,12,161.0,16,8.4,80.57326211318801,359,0,689,230,788,156479.0,12391761.0
2018.0,12,117.0,62,8.4,87.0,55,480,670,767,359,375110.0,190241310.0
2019.0,14,181.0,4,8.4,78.0,36,314,657,134,585,809955.0,858373000.0
2018.0,14,149.0,11,8.4,68.0,36,314,657,135,585,834477.0,678815482.0
2017.0,12,105.0,69,8.4,81.0,288,5,50,253,82,384171.0,209726015.0
2012.0,1,165.0,184,8.4,81.0,391,284,129,488,498,1357682.0,162805434.0
2012.0,14,164.0,0,8.4,78.0,83,128,774,43,274,1516346.0,448139099.0
2009.0,14,170.0,100,8.4,67.0,394,0,490,587,805,344445.0,6532908.0
2007.0,12,165.0,138,8.4,81.6275474798228,0,22,151,0,864,168895.0,1223869.0
2008.0,12,98.0,69,8.4,95.0,30,58,197,360,270,999790.0,223808164.0
2006.0,1,137.0,170,8.4,89.0,136,615,513,763,879,358685.0,11286112.0
2003.0,1,101.0,27,8.4,77.0,73,120,827,438,503,515451.0,707481.0
2000.0,14,113.0,199,8.4,80.0,83,244,103,383,583,1125712.0,25544867.0
1997.0,12,134.0,62,8.4,76.0,179,651,831,884,91,343171.0,2375308.0
1984.0,1,229.0,122,8.4,82.38697278324781,449,514,330,214,873,311365.0,5321508.0
1981.0,1,115.0,0,8.4,85.0,470,249,426,637,433,884112.0,248159971.0
1980.0,1,146.0,158,8.4,66.0,463,273,714,171,797,898237.0,44017374.0
1979.0,8,147.0,171,8.4,94.0,137,420,510,703,271,606398.0,83471511.0
1979.0,8,117.0,195,8.4,89.0,411,564,777,398,884,787806.0,78900000.0
1971.0,12,122.0,166,8.4,89.24321163065778,188,494,30,791,724,30273.0,0.0
1963.0,15,143.0,129,8.4,89.83372225380674,9,611,832,809,517,34357.0,0.0
1964.0,1,95.0,93,8.4,97.0,463,481,256,788,491,450474.0,275902.0
1957.0,12,116.0,129,8.4,91.10003902154682,49,614,509,121,239,108862.0,8175000.0
1957.0,1,88.0,182,8.4,90.0,463,362,639,5,284,178092.0,0.0
1954.0,12,112.0,199,8.4,100.0,22,282,270,868,854,444074.0,36764313.0
1950.0,7,110.0,149,8.4,91.62684244740896,49,637,269,222,655,201632.0,0.0
1940.0,7,125.0,107,8.4,92.71255408303017,74,111,620,331,730,203150.0,288475.0
2019.0,8,119.0,180,8.3,78.0,438,162,259,166,165,425844.0,159227644.0
2018.0,1,104.0,144,8.3,81.18461998555065,392,26,0,781,466,27793.0,0.0
2018.0,14,139.0,127,8.3,79.90592664683143,460,52,745,666,44,71875.0,1373943.0
2013.0,12,160.0,132,8.3,80.32978911663614,222,452,528,61,49,30722.0,0.0
2012.0,8,115.0,137,8.3,77.0,493,399,762,46,522,281623.0,687185.0
2011.0,6,123.0,137,8.3,95.0,42,475,470,753,804,220002.0,7098492.0
2010.0,8,131.0,171,8.3,80.0,110,394,570,552,650,150023.0,6857096.0
2019.0,9,132.0,137,8.3,80.19372820703975,323,43,588,188,139,33935.0,0.0
2005.0,15,112.0,138,8.3,82.58964444987319,546,656,227,311,227,78925.0,0.0
2009.0,1,153.0,53,8.3,69.0,391,80,165,211,651,1267869.0,120540719.0
2004.0,14,108.0,173,8.3,89.0,334,308,428,832,289,911664.0,34400301.0
2001.0,12,122.0,119,8.3,69.0,219,51,520,723,550,703810.0,33225499.0
2000.0,14,104.0,94,8.3,55.0,175,293,81,75,191,782001.0,30328156.0
2000.0,1,102.0,137,8.3,68.0,97,187,341,363,590,766870.0,3635482.0
1999.0,14,122.0,137,8.3,84.0,438,358,47,820,902,1069738.0,130096601.0
1997.0,12,126.0,172,8.3,70.0,173,519,521,70,826,861606.0,138433435.0
1997.0,5,89.0,141,8.3,77.0,299,451,29,64,652,65341.0,933933.0
1995.0,12,81.0,67,8.3,95.0,243,604,765,199,407,887429.0,191796233.0
1995.0,1,178.0,87,8.3,68.0,325,432,730,635,43,959181.0,75600000.0
1992.0,8,99.0,132,8.3,79.0,391,251,767,567,154,918562.0,2832029.0
1987.0,14,116.0,182,8.3,76.0,463,427,633,858,3,675146.0,46357676.0
1985.0,1,142.0,180,8.3,84.90884515894888,121,15,597,503,891,59056.0,0.0
1986.0,12,137.0,11,8.3,84.0,202,564,538,111,693,652719.0,85160248.0
1984.0,8,160.0,87,8.3,88.0,342,203,776,213,763,369007.0,51973029.0
1983.0,1,170.0,122,8.3,65.0,60,9,549,789,596,740911.0,45598982.0
1983.0,12,131.0,6,8.3,58.0,409,414,280,110,92,950470.0,309125409.0
1981.0,8,149.0,52,8.3,86.0,530,341,290,466,335,231855.0,11487676.0
1976.0,1,114.0,122,8.3,94.0,313,514,381,157,16,724636.0,28262574.0
1973.0,12,129.0,95,8.3,83.0,161,473,660,708,141,241513.0,159600000.0
1971.0,1,136.0,131,8.3,77.0,463,401,610,561,899,757904.0,6207725.0
1968.0,12,149.0,60,8.3,84.0,463,349,244,875,178,603517.0,56954992.0
1965.0,12,132.0,201,8.3,74.0,449,135,468,269,570,232772.0,15000000.0
1962.0,12,228.0,38,8.3,100.0,101,479,17,50,352,268085.0,44824144.0
1960.0,12,125.0,105,8.3,94.0,49,272,717,248,728,164363.0,18600000.0
1959.0,12,136.0,59,8.3,98.0,22,104,217,339,404,299198.0,13275000.0
1958.0,1,128.0,197,8.3,100.0,22,282,448,65,867,364368.0,3200000.0
1952.0,3,103.0,116,8.3,99.0,461,224,253,200,187,218957.0,8819028.0
1952.0,15,143.0,137,8.3,89.83441498508725,9,586,589,772,318,68463.0,55240.0
1948.0,15,89.0,137,8.3,91.46017591330039,519,372,210,493,230,146427.0,332930.0
1944.0,7,107.0,124,8.3,95.0,49,216,65,208,119,143525.0,5720000.0
1941.0,14,119.0,167,8.3,100.0,368,468,408,201,5,403351.0,1585634.0
1931.0,7,117.0,135,8.3,93.26380081157865,146,478,198,319,681,143434.0,28877.0
1927.0,15,153.0,176,8.3,98.0,146,87,25,286,765,159992.0,1236166.0
1921.0,7,68.0,101,8.3,96.4386834805317,74,111,185,333,126,113314.0,5450000.0
2019.0,14,143.0,100,8.2,78.44694700653321,359,579,718,847,710,33893.0,898575.0
2018.0,14,138.0,31,8.2,78.7115855441881,8,621,605,584,916,43444.0,4186168.0
2018.0,14,156.0,25,8.2,78.200544620389,389,645,733,672,56,36680.0,0.0
2018.0,14,130.0,83,8.2,69.0,382,624,495,497,800,377884.0,85080171.0
2017.0,1,115.0,95,8.2,88.0,311,212,822,743,123,432610.0,54513740.0
2015.0,14,132.0,129,8.2,79.38104634961837,322,267,450,601,818,31142.0,342370.0
2017.0,14,167.0,25,8.2,77.99028032208219,437,487,640,54,845,75348.0,20186659.0
2019.0,5,96.0,67,8.2,65.0,450,101,343,325,727,104761.0,0.0
2015.0,14,163.0,129,8.2,78.23871696451255,358,7,719,798,719,70367.0,739478.0
2013.0,14,146.0,40,8.2,79.09913894747186,515,344,637,501,390,60701.0,1429534.0
2013.0,15,87.0,182,8.2,73.0,544,380,199,272,640,40382.0,144501.0
2013.0,12,186.0,90,8.2,77.95879277879732,396,204,728,646,60,61137.0,1626289.0
2012.0,1,321.0,17,8.2,89.0,40,402,653,599,858,82365.0,0.0
2010.0,14,134.0,137,8.2,80.00547684983846,516,493,672,518,723,42341.0,7461.0
2012.0,14,135.0,15,8.2,79.73441655385989,494,267,496,667,324,33237.0,39567.0
2009.0,8,129.0,168,8.2,80.0,264,500,726,628,128,193217.0,6391436.0
2011.0,14,140.0,29,8.2,71.0,153,605,580,386,395,435950.0,13657115.0
2010.0,1,138.0,199,8.2,63.0,313,382,203,531,79,1129894.0,128012934.0
2009.0,12,96.0,67,8.2,88.0,380,76,186,411,432,935507.0,293004164.0
2013.0,1,180.0,84,8.2,75.0,313,382,406,524,606,1187498.0,116900694.0
2007.0,12,153.0,141,8.2,68.0,452,556,795,735,809,74129.0,1113541.0
2007.0,1,158.0,137,8.2,93.0,376,146,615,145,595,517359.0,40222514.0
2006.0,14,118.0,148,8.2,98.0,172,270,56,765,577,618623.0,37634615.0
2010.0,12,103.0,67,8.2,92.0,288,604,765,378,661,757032.0,415004880.0
2005.0,1,132.0,28,8.2,62.0,210,261,576,725,828,1032749.0,70511035.0
2006.0,14,167.0,95,8.2,79.22903378420281,396,0,725,775,805,111937.0,2197331.0
2005.0,12,122.0,137,8.2,81.17533552270419,442,21,641,770,69,33354.0,733094.0
2005.0,14,140.0,0,8.2,70.0,83,128,539,454,537,1308302.0,206852432.0
2004.0,12,210.0,137,8.2,78.49224145206716,43,556,249,464,817,83005.0,1223240.0
2004.0,8,156.0,87,8.2,82.0,363,94,23,842,462,331308.0,5509040.0
2004.0,12,119.0,69,8.2,80.0,179,116,751,808,10,333915.0,4711096.0
2001.0,14,135.0,85,8.2,72.0,433,531,183,363,157,848920.0,170742341.0
2000.0,12,156.0,17,8.2,80.80007136743959,390,8,740,630,840,57057.0,0.0
1998.0,1,107.0,17,8.2,66.0,175,290,162,605,380,535216.0,3897569.0
1997.0,1,138.0,129,8.2,90.0,87,358,680,288,502,531967.0,64616940.0
1996.0,15,128.0,132,8.2,82.15836782616478,537,554,789,766,917,64118.0,0.0
1995.0,1,170.0,132,8.2,76.0,331,9,656,843,441,577113.0,67436818.0
1995.0,1,178.0,122,8.2,73.0,313,514,713,384,370,466276.0,42438300.0
1994.0,12,160.0,20,8.2,81.65032720967736,395,0,691,677,477,49300.0,0.0
1992.0,1,130.0,184,8.2,85.0,84,135,252,590,741,375935.0,101157447.0
1989.0,12,127.0,0,8.2,65.0,470,249,705,19,190,692366.0,197171806.0
1988.0,8,142.0,95,8.2,83.23188274394843,123,161,79,504,337,26402.0,280015.0
1988.0,12,86.0,81,8.2,86.0,179,257,592,127,808,291180.0,1105564.0
1988.0,1,132.0,36,8.2,72.0,245,93,11,91,731,793164.0,83008852.0
1985.0,12,162.0,31,8.2,96.0,9,591,7,375,174,112505.0,4135750.0
1980.0,1,129.0,90,8.2,89.0,313,514,107,384,269,321860.0,23383987.0
1979.0,12,162.0,176,8.2,83.42188216888576,25,19,19,28,667,116945.0,234723.0
1978.0,12,99.0,162,8.2,85.9709120681367,190,266,479,486,309,26875.0,0.0
1976.0,5,177.0,87,8.2,83.93876331138307,344,39,306,560,439,43885.0,0.0
1975.0,12,204.0,2,8.2,83.27195707888231,397,548,163,22,31,51284.0,0.0
1975.0,5,91.0,42,8.2,91.0,487,594,271,391,248,500875.0,1229197.0
1963.0,12,172.0,48,8.2,86.0,248,574,326,684,140,224730.0,12100000.0
1962.0,12,129.0,122,8.2,88.0,420,240,396,245,760,293811.0,0.0
1961.0,15,110.0,30,8.2,87.67537837257575,9,611,191,809,925,111244.0,0.0
1961.0,1,179.0,182,8.2,60.0,462,568,93,692,589,69458.0,0.0
1959.0,12,121.0,115,8.2,98.0,49,410,780,329,285,243943.0,25000000.0
1957.0,12,91.0,172,8.2,88.0,190,622,75,320,303,96381.0,0.0
1957.0,1,96.0,143,8.2,88.0,190,429,273,74,669,164939.0,0.0
1955.0,15,118.0,132,8.2,97.0,265,299,100,705,374,28810.0,57226.0
1954.0,1,105.0,136,8.2,75.0,22,498,270,700,438,158335.0,12562.0
1953.0,12,136.0,137,8.2,88.54094037046232,536,117,116,796,802,53153.0,0.0
1950.0,15,88.0,129,8.2,98.0,9,611,484,544,842,152572.0,96568.0
1950.0,7,138.0,137,8.2,98.0,258,64,45,264,138,120539.0,10177.0
1948.0,7,126.0,54,8.2,98.0,241,262,807,822,107,114304.0,5014000.0
1942.0,7,99.0,120,8.2,86.0,126,102,314,709,258,29915.0,0.0
1925.0,7,95.0,40,8.2,93.70070226686977,74,111,485,829,327,101053.0,5450000.0
1924.0,7,45.0,20,8.2,95.62699855127693,65,97,430,382,253,41985.0,977375.0
2019.0,8,122.0,172,8.1,95.0,89,464,3,511,881,63134.0,3759854.0
2016.0,14,136.0,179,8.1,77.62715979847053,34,581,30,463,36,39216.0,1241223.0
2016.0,0,130.0,77,8.1,78.0,347,450,698,55,497,47708.0,0.0
2016.0,10,106.0,129,8.1,77.78189572885032,367,411,33,412,120,141516.0,0.0
2016.0,1,145.0,174,8.1,84.0,73,360,421,130,647,113649.0,2006788.0
2014.0,8,139.0,137,8.1,74.0,533,35,52,793,687,50700.0,3492754.0
2014.0,14,160.0,22,8.1,77.16857132072079,518,558,745,774,489,50445.0,901610.0
2017.0,1,137.0,28,8.1,77.0,208,259,612,158,99,647884.0,226277068.0
2015.0,8,118.0,179,8.1,86.0,289,86,320,760,901,371538.0,14677674.0
2014.0,8,122.0,106,8.1,77.0,91,152,517,593,200,177059.0,3107072.0
2020.0,12,100.0,67,8.1,83.0,380,352,331,825,298,159171.0,0.0
2014.0,15,196.0,137,8.1,88.0,362,247,532,186,68,46547.0,165520.0
2014.0,14,153.0,104,8.1,76.71320104517878,394,0,55,749,97,163061.0,10616104.0
2012.0,12,125.0,102,8.1,78.46118550708323,513,471,8,581,566,51739.0,923221.0
2014.0,14,99.0,39,8.1,88.0,524,495,221,545,4,707630.0,59100318.0
2014.0,1,149.0,170,8.1,79.0,100,57,675,602,877,859695.0,167767189.0
2012.0,12,117.0,78,8.1,71.0,301,42,747,293,922,38803.0,0.0
2016.0,1,139.0,87,8.1,71.0,325,30,693,510,848,435928.0,67209615.0
2015.0,12,95.0,67,8.1,94.0,380,527,32,80,535,616228.0,356461711.0
2012.0,12,151.0,105,8.1,77.57913820727322,39,497,631,315,795,75721.0,2804874.0
2013.0,1,134.0,87,8.1,96.0,468,118,543,565,101,640533.0,56671993.0
2013.0,14,123.0,16,8.1,74.0,433,144,120,618,22,432811.0,26947624.0
2019.0,14,152.0,16,8.1,81.0,208,424,124,406,122,291289.0,117624028.0
2015.0,1,129.0,84,8.1,93.0,502,415,542,665,538,420316.0,45055776.0
2014.0,5,93.0,68,8.1,85.0,505,157,85,500,259,51679.0,857524.0
2012.0,14,122.0,199,8.1,78.5070846820941,473,623,604,318,660,57806.0,1035953.0
2011.0,12,155.0,100,8.1,77.67271394133599,545,258,222,2,487,67927.0,3108485.0
2013.0,1,153.0,129,8.1,70.0,110,259,323,860,616,601149.0,61002302.0
2015.0,14,120.0,11,8.1,90.0,159,605,112,604,935,882316.0,154058340.0
2008.0,14,104.0,22,8.1,79.50910616330506,349,41,574,373,0,73891.0,0.0
2008.0,8,116.0,137,8.1,72.0,84,135,69,138,8,720450.0,148095302.0
2011.0,14,130.0,47,8.1,85.0,107,148,206,726,622,764493.0,381011219.0
2008.0,6,130.0,162,8.1,68.0,542,422,685,837,490,48582.0,1498210.0
2009.0,3,93.0,86,8.1,78.46392040354172,286,506,375,113,791,253575.0,0.0
2009.0,15,92.0,74,8.1,79.09077276367987,5,607,626,220,74,164462.0,0.0
2010.0,12,98.0,62,8.1,75.0,109,126,346,268,156,666773.0,217581231.0
2007.0,8,148.0,38,8.1,73.0,446,190,798,117,571,572921.0,18354356.0
2007.0,8,122.0,132,8.1,91.0,127,315,778,354,447,856916.0,74283625.0
2006.0,12,144.0,105,8.1,78.90332383361695,394,547,58,853,97,43137.0,2217561.0
2004.0,14,132.0,178,8.1,86.0,84,255,138,590,381,635975.0,100492203.0
2004.0,6,121.0,87,8.1,79.0,486,169,731,380,915,334320.0,23530892.0
2004.0,8,140.0,31,8.1,64.0,214,287,820,224,338,37820.0,1111061.0
2004.0,8,80.0,172,8.1,90.0,408,201,418,850,556,236311.0,5820649.0
2003.0,12,156.0,104,8.1,78.78721165354773,394,547,58,279,835,73992.0,0.0
2003.0,14,131.0,129,8.1,82.0,56,343,449,715,358,139558.0,14131.0
2001.0,16,183.0,105,8.1,78.37351025456775,131,0,688,9,711,66803.0,300000.0
2003.0,8,111.0,22,8.1,69.0,391,617,153,173,624,1000639.0,70099045.0
2003.0,12,100.0,67,8.1,90.0,30,378,13,215,21,949565.0,380843261.0
2002.0,1,141.0,84,8.1,75.0,470,382,773,143,594,832846.0,164615351.0
2000.0,1,154.0,179,8.1,83.0,14,191,242,277,936,223741.0,5383834.0
2001.0,12,92.0,67,8.1,79.0,380,158,467,86,424,815505.0,289916256.0
1997.0,14,87.0,64,8.1,81.90090628271159,183,348,530,555,927,38847.0,0.0
2001.0,12,224.0,49,8.1,84.0,43,0,636,279,715,105036.0,70147.0
1999.0,1,107.0,170,8.1,64.0,298,93,278,833,677,911573.0,293506292.0
1998.0,12,169.0,165,8.1,58.0,167,599,632,591,88,59020.0,259127.0
1998.0,12,103.0,100,8.1,90.0,385,308,183,477,671,939631.0,125618201.0
1998.0,8,127.0,97,8.1,73.0,123,53,732,96,261,50862.0,348660.0
1998.0,8,117.0,98,8.1,71.0,231,200,354,395,463,732620.0,17498804.0
2000.0,12,98.0,172,8.1,85.0,269,609,493,660,876,124383.0,2734044.0
1996.0,1,93.0,137,8.1,83.0,95,202,220,410,501,634716.0,16501785.0
1996.0,1,98.0,132,8.1,85.0,231,200,816,239,830,617444.0,24611975.0
1995.0,15,170.0,107,8.1,79.73238654008662,123,488,462,580,816,55220.0,171082.0
1995.0,14,98.0,122,8.1,81.14615064778454,317,626,295,754,1,150345.0,309811.0
1995.0,12,189.0,172,8.1,79.13364635559361,7,556,423,23,255,63516.0,0.0
1995.0,8,101.0,172,8.1,77.0,408,201,418,29,310,272291.0,5535405.0
1994.0,12,99.0,168,8.1,100.0,283,268,352,252,387,90729.0,4043686.0
1994.0,12,102.0,95,8.1,77.0,269,88,749,834,256,63122.0,600200.0
1993.0,14,127.0,11,8.1,68.0,470,538,454,361,737,867615.0,402453882.0
1993.0,14,133.0,84,8.1,84.0,228,146,623,18,704,156842.0,25010410.0
1993.0,8,171.0,165,8.1,80.26293529515578,268,383,226,276,920,25088.0,5216888.0
1991.0,5,125.0,155,8.1,81.81937072431103,539,238,374,738,171,29662.0,2603061.0
1989.0,12,128.0,100,8.1,79.0,385,519,662,223,448,425457.0,95860116.0
1986.0,12,89.0,46,8.1,75.0,413,634,655,153,400,363401.0,52287414.0
1986.0,1,120.0,182,8.1,92.0,364,113,771,871,493,381222.0,138530565.0
1984.0,12,145.0,137,8.1,78.0,528,250,575,182,64,91188.0,2181987.0
1984.0,12,117.0,70,8.1,86.0,179,575,497,302,296,150924.0,495770.0
1982.0,1,109.0,193,8.1,57.0,236,366,812,453,744,371271.0,13782838.0
1982.0,14,95.0,145,8.1,47.0,12,74,128,338,229,76081.0,22244207.0
1982.0,8,158.0,46,8.1,82.20733093770852,523,365,137,416,634,31595.0,0.0
1982.0,1,188.0,137,8.1,100.0,190,63,622,470,121,57784.0,4971340.0
1982.0,14,117.0,35,8.1,84.0,411,249,681,762,225,693827.0,32868943.0
1980.0,14,124.0,85,8.1,78.0,103,37,393,41,423,220078.0,0.0
1979.0,8,94.0,93,8.1,77.0,488,239,388,568,850,367250.0,20045115.0
1978.0,1,183.0,182,8.1,86.0,328,514,133,390,435,311361.0,48979328.0
1976.0,12,120.0,178,8.1,70.0,239,580,752,105,127,518546.0,117235247.0
1976.0,14,121.0,137,8.1,83.0,456,206,817,651,748,144911.0,0.0
1975.0,5,185.0,48,8.1,89.0,463,534,504,634,311,149843.0,0.0
1975.0,3,107.0,85,8.1,84.66916539809492,25,407,228,314,675,40081.0,177345.0
1974.0,14,130.0,170,8.1,92.0,431,273,224,399,697,294230.0,29000000.0
1973.0,12,102.0,95,8.1,77.0,381,534,756,513,426,42285.0,30933743.0
1972.0,1,91.0,137,8.1,85.6636564477026,190,248,479,441,343,30206.0,1742348.0
1972.0,5,167.0,169,8.1,90.0,25,459,176,436,893,81021.0,0.0
1967.0,4,105.0,129,8.1,85.90491262651824,220,10,237,598,137,45434.0,39481.0
1967.0,1,127.0,122,8.1,92.0,471,473,258,790,348,161984.0,16217773.0
1966.0,15,85.0,179,8.1,86.0,190,65,479,523,303,103191.0,0.0
1966.0,8,205.0,87,8.1,83.19874478246038,25,27,311,608,668,46947.0,102021.0
1966.0,15,121.0,182,8.1,96.0,166,83,348,878,784,53089.0,55908.0
1962.0,15,95.0,142,8.1,87.05523602252595,296,565,321,219,449,29682.0,0.0
1962.0,7,134.0,161,8.1,75.0,414,64,377,851,903,50058.0,4050000.0
1962.0,12,96.0,17,8.1,87.00417444921996,9,611,755,451,928,33044.0,0.0
1962.0,15,123.0,184,8.1,94.0,237,282,401,848,527,68827.0,0.0
1962.0,15,95.0,182,8.1,87.04149778099105,25,178,585,844,254,31728.0,0.0
1960.0,1,89.0,137,8.1,87.56616814527604,190,429,78,284,93,26697.0,1526000.0
1960.0,7,128.0,87,8.1,75.0,462,568,240,260,199,27254.0,0.0
1959.0,15,99.0,122,8.1,86.88965695640525,144,303,15,146,304,105291.0,0.0
1959.0,12,212.0,48,8.1,90.0,526,115,315,785,321,219466.0,74700000.0
1958.0,15,139.0,46,8.1,86.37554901599094,9,611,563,577,472,34797.0,0.0
1957.0,15,110.0,137,8.1,87.30685842775037,133,234,237,238,215,42940.0,752045.0
1957.0,15,110.0,152,8.1,87.273908870631,9,611,560,323,842,46678.0,0.0
1957.0,5,161.0,53,8.1,87.0,101,637,17,327,801,203463.0,44908000.0
1954.0,1,108.0,132,8.1,91.0,122,417,427,484,752,142107.0,9600000.0
1953.0,12,131.0,52,8.1,85.0,180,650,110,654,262,54588.0,0.0
1951.0,2,111.0,149,8.1,72.0,49,362,334,699,708,31568.0,3969893.0
1949.0,15,114.0,22,8.1,88.48940142799663,398,278,802,206,574,29807.0,0.0
1949.0,2,104.0,190,8.1,97.0,70,468,408,17,874,158731.0,449191.0
1948.0,15,135.0,165,8.1,88.14940130381191,332,189,53,530,644,30935.0,10900000.0
1940.0,15,99.0,105,8.1,96.0,126,406,329,244,446,28450.0,203300.0
1940.0,2,130.0,168,8.1,86.0,22,374,378,264,454,123942.0,4360000.0
1939.0,7,129.0,100,8.1,73.0,140,282,347,148,222,107017.0,9600000.0
1939.0,12,238.0,155,8.1,97.0,514,230,692,147,890,290074.0,198676459.0
1937.0,15,113.0,182,8.1,90.31692096969618,215,297,170,659,252,33829.0,172885.0
1934.0,2,105.0,119,8.1,87.0,140,132,136,864,759,94016.0,4360000.0
1928.0,7,110.0,87,8.1,91.6760028349482,69,408,215,30,608,47676.0,21877.0
1928.0,7,72.0,119,8.1,90.0,74,111,533,10,315,30205.0,0.0
1927.0,7,94.0,172,8.1,92.2946604537232,129,231,338,522,96,46865.0,539540.0
1926.0,7,67.0,2,8.1,92.99073086946095,85,97,95,529,292,81156.0,1033895.0
1920.0,15,76.0,188,8.1,93.79500076355984,424,633,143,251,539,57428.0,0.0
2018.0,14,124.0,100,8.0,76.28437784472189,23,52,578,254,788,27978.0,0.0
2019.0,12,113.0,38,8.0,69.0,125,636,416,141,738,37556.0,0.0
2016.0,14,130.0,152,8.0,76.25017289815884,393,8,586,471,709,52897.0,0.0
2015.0,14,163.0,2,8.0,75.41757649818436,267,537,282,599,474,72245.0,8178001.0
2015.0,14,159.0,24,8.0,75.57640400733186,349,8,148,674,839,52848.0,0.0
2016.0,1,128.0,103,8.0,94.0,90,533,204,721,349,505918.0,151101803.0
2016.0,12,118.0,85,8.0,69.0,150,166,582,720,836,213970.0,51739495.0
2015.0,14,144.0,51,8.0,80.0,411,424,370,469,481,760094.0,228433663.0
2016.0,12,108.0,67,8.0,78.0,66,501,340,271,375,434143.0,341268248.0
2015.0,14,159.0,25,8.0,75.3101705039096,437,487,640,673,794,102972.0,6738000.0
2013.0,12,137.0,68,8.0,89.0,192,119,324,539,366,38746.0,1506975.0
2017.0,12,113.0,138,8.0,66.0,464,275,602,324,457,141923.0,132422809.0
2019.0,14,154.0,165,8.0,65.0,545,625,571,676,887,31886.0,5566534.0
2013.0,14,144.0,132,8.0,76.33095743344515,349,8,54,519,408,51069.0,1079369.0
2013.0,8,96.0,137,8.0,82.0,113,86,234,394,470,81770.0,1010414.0
2014.0,1,150.0,24,8.0,71.0,149,265,824,56,674,114316.0,2625803.0
2014.0,14,114.0,91,8.0,73.0,343,61,437,547,26,685201.0,91125683.0
2014.0,14,121.0,2,8.0,76.0,205,124,797,94,934,1043455.0,333176600.0
2017.0,14,164.0,27,8.0,81.0,110,249,683,27,184,461823.0,92054159.0
2013.0,1,126.0,173,8.0,90.0,458,311,31,755,755,540772.0,25568251.0
2018.0,14,134.0,88,8.0,49.0,64,496,483,289,77,450349.0,216428042.0
2015.0,1,156.0,4,8.0,76.0,14,382,774,870,205,705589.0,183637894.0
2012.0,14,103.0,172,8.0,67.0,464,392,206,227,694,462252.0,17738570.0
2010.0,15,115.0,22,8.0,71.0,263,629,304,31,637,79200.0,100119.0
2010.0,12,118.0,87,8.0,88.0,501,138,255,295,193,639603.0,138797449.0
2011.0,14,146.0,137,8.0,62.0,479,195,800,614,113,428521.0,169708112.0
2016.0,8,108.0,2,8.0,65.0,496,535,567,797,219,902669.0,363070709.0
2009.0,11,119.0,167,8.0,87.0,42,237,712,805,619,45803.0,106662.0
2009.0,1,144.0,172,8.0,77.07775486797223,40,2,496,437,197,28749.0,10950.0
2008.0,8,106.0,16,8.0,59.0,527,172,723,779,467,211427.0,0.0
2010.0,14,165.0,137,8.0,50.0,270,556,423,769,486,98575.0,4018695.0
2009.0,15,128.0,30,8.0,77.51268785450259,291,198,536,316,73,31838.0,0.0
2008.0,14,120.0,172,8.0,84.0,95,393,161,250,795,798882.0,141319928.0
2010.0,1,108.0,179,8.0,79.0,97,458,555,857,912,699673.0,106954678.0
2007.0,8,115.0,22,8.0,33.0,263,629,38,107,637,98097.0,8060.0
2012.0,14,143.0,11,8.0,69.0,262,516,119,755,398,1260806.0,623279547.0
2007.0,6,96.0,72,8.0,90.0,517,413,115,116,279,88656.0,4445756.0
2013.0,8,117.0,85,8.0,80.0,218,426,361,350,831,441614.0,27298285.0
2006.0,12,117.0,85,8.0,64.0,147,635,761,334,104,448930.0,163566459.0
2006.0,1,143.0,52,8.0,64.0,120,382,171,363,469,499439.0,57366262.0
2007.0,14,115.0,33,8.0,85.0,372,424,184,377,458,604694.0,227471070.0
2004.0,12,88.0,130,8.0,72.0,281,555,284,310,409,50610.0,238507.0
2005.0,1,124.0,136,8.0,74.0,142,491,661,576,164,738512.0,74103820.0
2007.0,6,112.0,85,8.0,92.0,266,373,519,218,578,103284.0,5990075.0
2004.0,15,127.0,44,8.0,78.13258612997194,547,110,839,627,778,56960.0,0.0
2007.0,12,111.0,67,8.0,96.0,58,285,80,507,690,641645.0,206445654.0
2006.0,6,144.0,12,8.0,80.0,310,145,216,419,392,582239.0,167445960.0
2004.0,1,137.0,24,8.0,83.0,391,617,153,567,183,683900.0,66208183.0
2003.0,15,110.0,137,8.0,82.0,31,628,310,467,658,42399.0,502028.0
2003.0,8,103.0,172,8.0,85.0,281,359,825,409,506,77520.0,2380788.0
2014.0,12,126.0,85,8.0,74.0,13,294,70,505,563,77554.0,2086345.0
2005.0,14,144.0,87,8.0,69.0,433,531,650,154,692,176151.0,61649911.0
2003.0,12,186.0,104,8.0,54.0,357,489,711,737,383,63460.0,1787378.0
2002.0,14,101.0,22,8.0,75.0,28,11,39,834,50,117857.0,169659.0
2003.0,14,143.0,6,8.0,63.0,168,327,255,623,492,1015122.0,305413918.0
2003.0,12,125.0,47,8.0,58.0,495,202,14,85,403,415218.0,66257002.0
2004.0,12,115.0,62,8.0,90.0,58,139,695,303,376,657047.0,261441092.0
2001.0,15,137.0,105,8.0,78.38137827400178,200,582,420,317,820,45403.0,0.0
2003.0,8,178.0,122,8.0,60.0,285,462,614,478,314,137963.0,1530386.0
2001.0,15,110.0,100,8.0,79.22982923502312,538,658,826,186,28,33592.0,0.0
2001.0,8,113.0,169,8.0,88.0,406,276,358,538,333,740086.0,1480006.0
1999.0,8,188.0,137,8.0,77.0,376,602,342,423,705,289742.0,22455976.0
2000.0,12,140.0,128,8.0,61.0,285,73,106,178,702,102285.0,4184036.0
1999.0,12,112.0,85,8.0,86.0,103,505,724,345,443,82002.0,6203044.0
1997.0,1,81.0,76,8.0,80.50695073929228,443,340,652,773,600,58192.0,776665.0
1998.0,8,105.0,137,8.0,82.0,493,616,286,818,684,78341.0,1647780.0
1998.0,8,110.0,137,8.0,80.0,522,209,799,542,819,36419.0,5595428.0
1999.0,5,86.0,62,8.0,85.0,58,183,281,362,888,172083.0,23159305.0
1997.0,15,87.0,21,8.0,80.53256033534271,491,598,333,816,649,27721.0,3296.0
1996.0,8,135.0,137,8.0,84.0,48,69,182,326,434,86838.0,24475416.0
1996.0,12,136.0,100,8.0,91.0,339,601,83,658,161,37564.0,13417292.0
1995.0,1,129.0,198,8.0,74.0,487,93,488,93,445,578443.0,57141459.0
1995.0,14,83.0,63,8.0,76.0,302,49,301,8,518,129231.0,515905.0
1993.0,12,76.0,81,8.0,82.0,182,150,123,118,910,300208.0,75082668.0
1993.0,12,101.0,111,8.0,72.0,178,66,35,133,829,577991.0,70906973.0
1993.0,8,180.0,122,8.0,47.0,480,143,368,76,245,28825.0,4496583.0
1992.0,14,156.0,137,8.0,59.0,309,9,121,340,272,263918.0,63895607.0
1992.0,12,90.0,67,8.0,86.0,432,324,704,713,541,373845.0,217350219.0
1991.0,14,189.0,156,8.0,72.0,364,355,245,329,896,142110.0,70405498.0
1991.0,3,84.0,81,8.0,95.0,151,363,603,697,402,417178.0,218967620.0
1990.0,12,181.0,54,8.0,72.0,277,355,515,280,753,240266.0,184208848.0
1989.0,8,120.0,100,8.0,93.0,459,149,601,722,739,89429.0,27545445.0
1988.0,12,133.0,137,8.0,65.0,44,174,772,845,287,473064.0,178800000.0
1988.0,14,124.0,66,8.0,79.93122971829243,271,449,594,517,852,164918.0,553171.0
1987.0,12,98.0,55,8.0,77.0,413,103,499,714,155,393899.0,30857814.0
1987.0,12,128.0,147,8.0,79.0,528,94,727,626,172,64722.0,3333969.0
1987.0,12,104.0,182,8.0,88.0,293,221,643,240,825,31163.0,4542825.0
1986.0,12,125.0,68,8.0,78.0,179,430,436,468,639,150140.0,0.0
1984.0,14,107.0,34,8.0,84.0,202,45,478,563,695,799795.0,38400000.0
1982.0,12,191.0,87,8.0,79.0,402,59,391,716,761,217664.0,52767889.0
1980.0,12,180.0,157,8.0,84.0,9,591,786,455,410,32195.0,0.0
1979.0,5,130.0,100,8.0,83.0,176,481,717,558,355,65625.0,30177511.0
1977.0,1,93.0,119,8.0,92.0,532,643,164,836,131,251823.0,39200000.0
1975.0,1,124.0,61,8.0,87.0,470,529,663,688,553,543388.0,260000000.0
1975.0,12,125.0,84,8.0,86.0,456,9,387,647,834,235652.0,50000000.0
1974.0,1,106.0,93,8.0,80.0,324,226,489,536,698,143359.0,86300000.0
1973.0,8,151.0,84,8.0,58.0,143,574,181,852,209,121627.0,53267000.0
1973.0,1,122.0,192,8.0,81.0,525,187,526,496,526,362393.0,232906145.0
1972.0,5,138.0,199,8.0,82.8084577983353,258,374,539,15,430,44748.0,4081254.0
1971.0,8,118.0,172,8.0,93.0,381,600,354,157,78,42456.0,29133000.0
1971.0,3,181.0,140,8.0,67.0,361,610,593,487,645,39491.0,80500000.0
1970.0,14,113.0,137,8.0,100.0,47,300,734,258,246,27067.0,541940.0
1969.0,5,110.0,84,8.0,66.0,161,473,660,447,832,201888.0,102308889.0
1968.0,1,137.0,158,8.0,96.0,431,433,386,728,813,193674.0,0.0
1968.0,12,112.0,60,8.0,79.0,143,115,669,460,607,165167.0,33395426.0
1967.0,1,106.0,105,8.0,83.0,341,174,44,447,909,253676.0,104945305.0
1966.0,1,131.0,137,8.0,75.0,341,185,654,265,787,68926.0,0.0
1965.0,12,172.0,86,8.0,63.0,425,338,132,210,742,205425.0,163214286.0
1965.0,1,197.0,175,8.0,69.0,101,467,417,267,752,69903.0,111722000.0
1964.0,1,99.0,32,8.0,65.0,449,135,263,526,913,198219.0,14500000.0
1963.0,15,138.0,137,8.0,91.0,133,404,48,149,786,108844.0,50690.0
1962.0,15,80.0,137,8.0,86.05036159981077,217,34,686,32,305,28057.0,0.0
1961.0,1,134.0,178,8.0,90.0,422,473,319,661,283,75067.0,8284000.0
1960.0,1,174.0,100,8.0,95.0,133,404,41,48,924,66621.0,19516000.0
1959.0,7,141.0,32,8.0,93.0,187,326,156,694,42,56305.0,12535000.0
1959.0,15,161.0,129,8.0,95.0,369,282,465,72,61,59847.0,11900000.0
1958.0,6,95.0,124,8.0,99.0,368,115,599,348,444,98431.0,2237659.0
1958.0,1,108.0,137,8.0,84.0,403,185,619,103,351,45062.0,17570324.0
1957.0,2,96.0,149,8.0,100.0,18,96,780,792,593,28137.0,0.0
1956.0,2,84.0,124,8.0,91.0,463,572,140,856,382,81702.0,0.0
1955.0,15,92.0,124,8.0,99.0,75,517,715,494,365,81980.0,654000.0
1954.0,15,108.0,137,8.0,86.26572116123003,133,39,265,685,18,58314.0,0.0
1955.0,15,117.0,126,8.0,85.83590721027707,180,567,804,641,145,61503.0,0.0
1953.0,15,120.0,107,8.0,84.0,49,637,175,625,751,51046.0,0.0
1953.0,15,118.0,119,8.0,78.0,526,240,62,204,317,127256.0,0.0
1951.0,1,122.0,137,8.0,97.0,122,627,510,460,478,99182.0,8000000.0
1950.0,15,94.0,150,8.0,87.48432862966229,353,262,267,243,125,26784.0,0.0
1949.0,12,106.0,94,8.0,87.24279669589697,419,164,17,846,412,34485.0,0.0
1948.0,1,80.0,129,8.0,73.0,22,282,389,229,198,129783.0,0.0
1947.0,15,97.0,124,8.0,87.81463874533341,199,517,336,462,735,32784.0,0.0
1945.0,12,86.0,172,8.0,92.0,101,109,783,783,451,35601.0,0.0
1944.0,7,88.0,150,8.0,88.50583899255417,369,225,146,150,889,42725.0,4360000.0
1946.0,2,170.0,175,8.0,93.0,526,456,146,249,849,57259.0,23650000.0
1942.0,15,118.0,99,8.0,87.75951508111268,140,104,629,679,351,65101.0,0.0
1941.0,15,100.0,189,8.0,96.0,241,262,514,275,701,148928.0,2108060.0
1940.0,7,129.0,152,8.0,96.0,237,252,335,389,146,85559.0,55000.0
1939.0,12,102.0,55,8.0,92.0,514,230,534,612,745,371379.0,2076020.0
1939.0,15,110.0,100,8.0,88.70115086967411,215,403,591,644,636,26725.0,0.0
1934.0,11,91.0,96,8.0,86.0,520,639,569,550,656,26642.0,0.0
1930.0,12,152.0,182,8.0,91.0,292,385,481,405,59,57318.0,3270000.0
1925.0,15,75.0,156,8.0,97.0,448,14,803,282,347,53054.0,50970.0
2019.0,14,130.0,95,7.9,82.0,400,145,119,27,373,454203.0,165359751.0
2020.0,14,101.0,105,7.9,74.63177140396652,345,579,697,736,793,111478.0,0.0
2018.0,1,121.0,122,7.9,93.0,184,389,690,461,613,62754.0,3313513.0
2019.0,12,137.0,105,7.9,94.0,360,4,702,420,70,246644.0,2000000.0
2017.0,14,132.0,172,7.9,93.0,295,44,768,570,30,212651.0,18095701.0
2016.0,14,100.0,137,7.9,78.0,273,373,152,294,806,53818.0,258168.0
2018.0,12,101.0,67,7.9,82.0,524,95,451,209,94,139114.0,32015231.0
2016.0,14,101.0,40,7.9,81.0,476,538,414,695,714,111483.0,5202582.0
2016.0,8,118.0,100,7.9,72.0,319,624,259,745,46,189400.0,5875006.0
2016.0,6,106.0,103,7.9,79.0,235,208,4,525,353,85109.0,3237118.0
2017.0,14,130.0,2,7.9,74.0,476,122,775,115,585,587775.0,315058289.0
2014.0,1,117.0,132,7.9,76.0,92,276,649,83,747,466134.0,32381218.0
2019.0,14,108.0,107,7.9,58.0,476,524,764,755,841,297918.0,349555.0
2016.0,14,116.0,176,7.9,81.0,110,23,365,237,629,594181.0,100546139.0
2015.0,12,138.0,11,7.9,80.0,195,141,384,624,205,860823.0,936662225.0
2013.0,8,109.0,172,7.9,94.0,408,201,418,759,57,141457.0,8114627.0
2014.0,14,132.0,11,7.9,75.0,64,472,300,307,368,659763.0,233921534.0
2011.0,15,157.0,122,7.9,82.0,362,455,826,804,6,41995.0,138730.0
2011.0,12,100.0,105,7.9,89.0,335,296,96,395,362,230624.0,44671682.0
2014.0,14,113.0,11,7.9,71.0,117,602,202,83,102,600004.0,100206256.0
2012.0,14,127.0,172,7.9,94.0,330,300,208,321,24,93090.0,6739492.0
2019.0,8,209.0,84,7.9,94.0,313,514,9,384,319,324720.0,7000000.0
2009.0,1,155.0,122,7.9,90.0,198,583,584,3,729,93560.0,2084637.0
2009.0,8,97.0,169,7.9,67.0,118,540,444,197,762,335152.0,5009677.0
2008.0,8,114.0,123,7.9,82.0,504,368,477,649,326,205609.0,2122065.0
2009.0,1,112.0,35,7.9,81.0,351,560,154,351,659,638202.0,115646235.0
2008.0,14,109.0,178,7.9,80.0,97,445,506,225,584,289415.0,26236603.0
2007.0,12,138.0,105,7.9,75.98641640148213,189,558,425,806,181,47720.0,410800.0
2014.0,1,165.0,137,7.9,100.0,408,186,606,223,232,335533.0,25379975.0
2007.0,15,113.0,137,7.9,97.0,86,25,457,862,25,56625.0,1185783.0
2009.0,14,127.0,11,7.9,82.0,195,123,834,778,533,577336.0,257730019.0
2008.0,8,107.0,95,7.9,67.0,311,137,85,145,236,390334.0,7757130.0
2007.0,15,87.0,146,7.9,76.58618608798011,410,156,781,388,237,174125.0,0.0
2006.0,14,141.0,4,7.9,89.0,84,353,434,838,776,154011.0,13756082.0
2006.0,8,117.0,47,7.9,64.0,478,377,108,435,505,107290.0,2280348.0
2012.0,12,127.0,47,7.9,79.0,33,576,307,4,840,580708.0,124987023.0
2009.0,5,87.0,67,7.9,83.0,524,229,535,81,379,199696.0,21002919.0
2005.0,15,129.0,100,7.9,81.0,218,443,500,168,937,31476.0,0.0
2004.0,6,97.0,162,7.9,56.0,80,245,235,357,468,57430.0,3635164.0
2008.0,14,126.0,11,7.9,79.0,251,516,275,812,389,939644.0,318412101.0
2004.0,14,99.0,112,7.9,76.0,119,566,579,444,558,512249.0,13542874.0
2004.0,8,121.0,172,7.9,78.0,132,72,720,290,931,51325.0,0.0
2003.0,1,138.0,129,7.9,84.0,84,553,766,457,244,419420.0,90135191.0
2004.0,12,142.0,55,7.9,82.0,20,148,206,726,740,552493.0,249358727.0
2002.0,6,120.0,7,7.9,85.0,539,307,779,514,933,173999.0,53710019.0
2002.0,8,112.0,168,7.9,86.0,378,528,345,174,534,104691.0,9284265.0
2001.0,8,98.0,107,7.9,84.0,94,84,648,233,286,44618.0,1059830.0
2001.0,12,115.0,63,7.9,61.0,453,592,292,883,76,42897.0,1000045.0
2002.0,14,119.0,33,7.9,68.0,117,215,521,132,164,508771.0,121661683.0
2000.0,8,114.0,132,7.9,80.0,130,500,248,278,599,49721.0,1221261.0
2006.0,1,109.0,51,7.9,84.0,20,337,139,128,620,465113.0,35552383.0
2000.0,1,122.0,40,7.9,90.0,67,70,609,445,264,252586.0,32534850.0
2001.0,8,147.0,170,7.9,85.0,103,457,455,433,388,322031.0,7220243.0
1999.0,12,92.0,67,7.9,88.0,243,48,467,828,860,527512.0,245852179.0
1997.0,8,155.0,137,7.9,85.0,376,416,415,104,560,239473.0,26400640.0
1995.0,12,111.0,77,7.9,75.0,541,647,309,801,807,51943.0,0.0
1994.0,1,102.0,122,7.9,77.0,287,499,758,516,459,31590.0,2201126.0
1993.0,8,119.0,130,7.9,59.0,508,130,606,189,880,206918.0,12281500.0
1993.0,12,94.0,164,7.9,85.0,283,339,836,425,83,89836.0,1324974.0
1993.0,1,94.0,62,7.9,79.45239497816382,540,369,201,802,680,34529.0,0.0
1993.0,1,144.0,132,7.9,65.0,60,9,707,648,427,201000.0,36948322.0
1990.0,12,105.0,147,7.9,74.0,495,327,818,193,52,447368.0,56362352.0
1989.0,12,103.0,85,7.9,97.0,228,146,84,20,511,68076.0,14743391.0
1989.0,6,104.0,100,7.9,77.0,532,419,821,79,160,54670.0,18254702.0
1987.0,1,119.0,132,7.9,79.0,60,355,705,701,144,281842.0,76270454.0
1986.0,6,107.0,100,7.9,90.0,532,433,167,564,72,67176.0,40084041.0
1985.0,12,132.0,176,7.9,84.0,487,329,447,701,484,187567.0,9929135.0
1984.0,8,82.0,113,7.9,92.0,413,513,544,140,507,128812.0,188751.0
1983.0,12,93.0,108,7.9,77.0,52,476,531,172,798,132947.0,20605209.0
1980.0,12,133.0,2,7.9,60.0,242,316,145,106,417,183182.0,57229890.0
1979.0,8,96.0,105,7.9,83.0,532,643,164,527,626,131436.0,45700000.0
1979.0,1,123.0,163,7.9,72.0,53,529,371,39,529,28223.0,37823676.0
1978.0,1,127.0,8,7.9,71.0,156,154,438,758,277,111512.0,5100000.0
1976.0,12,138.0,87,7.9,84.0,11,174,660,332,592,103031.0,70600000.0
1973.0,8,114.0,47,7.9,76.0,15,13,294,886,452,37183.0,61001.0
1973.0,8,123.0,101,7.9,81.63062403979464,133,400,90,663,58,39897.0,0.0
1972.0,5,102.0,93,7.9,93.0,296,210,159,636,115,38737.0,198809.0
1972.0,15,95.0,1,7.9,82.49634069675446,523,365,682,296,189,52397.0,0.0
1971.0,5,91.0,105,7.9,62.0,176,532,92,861,173,70826.0,0.0
1970.0,12,172.0,92,7.9,91.0,143,228,427,787,628,93741.0,61700000.0
1969.0,1,145.0,14,7.9,97.0,439,637,211,707,220,77401.0,12064472.0
1968.0,15,96.0,196,7.9,89.0,156,173,413,442,579,116557.0,89029.0
1968.0,5,134.0,87,7.9,82.3830503976269,35,479,429,49,420,29003.0,22276975.0
1967.0,12,110.0,129,7.9,75.0,361,563,668,867,525,67804.0,24379978.0
1963.0,12,113.0,118,7.9,83.0,461,104,62,865,361,68689.0,13474588.0
1962.0,6,126.0,179,7.9,94.0,238,214,460,348,41,71122.0,0.0
1960.0,1,197.0,38,7.9,87.0,463,362,461,356,143,124339.0,30000000.0
1960.0,12,144.0,167,7.9,83.09832975513956,336,217,565,481,207,26542.0,0.0
1959.0,15,90.0,172,7.9,84.77694179336689,10,197,190,784,707,28421.0,88300.0
1956.0,12,220.0,46,7.9,82.27133263911233,72,115,830,42,224,63560.0,93740000.0
1956.0,7,119.0,54,7.9,94.0,237,326,356,848,898,80316.0,0.0
1955.0,12,118.0,137,7.9,72.0,122,279,645,426,117,40313.0,0.0
1952.0,5,85.0,181,7.9,89.0,145,219,270,819,548,97222.0,9450000.0
1951.0,1,101.0,134,7.9,88.0,22,205,664,729,531,123341.0,7630000.0
1950.0,2,104.0,102,7.9,85.58320766392114,181,282,806,872,886,52573.0,0.0
1947.0,15,96.0,101,7.9,88.0,162,177,525,401,281,41625.0,2650000.0
1946.0,12,102.0,151,7.9,100.0,22,104,303,148,554,92306.0,10464000.0
1946.0,7,114.0,133,7.9,85.79860511551945,187,262,458,402,591,78796.0,6540000.0
1945.0,7,101.0,149,7.9,86.65525228001215,49,498,337,657,334,33549.0,9460000.0
1940.0,15,112.0,119,7.9,96.0,157,104,429,341,772,63550.0,0.0
1940.0,7,92.0,105,7.9,87.44098871280494,187,104,674,670,281,53667.0,296000.0
1938.0,5,102.0,10,7.9,97.0,329,638,213,620,75,47175.0,3981000.0
1935.0,7,96.0,114,7.9,88.2655587592267,441,176,272,125,313,30580.0,2537520.0
1933.0,7,100.0,58,7.9,90.0,327,199,223,698,108,78991.0,10000000.0
1932.0,15,64.0,158,7.9,80.0,497,630,471,615,758,42117.0,0.0
1922.0,15,94.0,187,7.9,89.88141053001908,129,428,22,287,302,88794.0,0.0
2019.0,1,113.0,17,7.8,51.0,175,426,111,574,399,237392.0,0.0
2018.0,14,138.0,30,7.8,73.01707316434036,322,17,794,668,811,25344.0,0.0
2019.0,8,120.0,162,7.8,81.0,96,511,598,642,524,27187.0,0.0
2016.0,14,124.0,137,7.8,85.0,42,557,753,62,638,51240.0,2402067.0
2017.0,14,106.0,26,7.8,94.0,83,211,67,532,866,555092.0,188373161.0
2016.0,15,96.0,100,7.8,74.30387015692742,370,235,42,521,221,57168.0,0.0
2016.0,14,127.0,87,7.8,74.0,490,589,596,347,500,200876.0,169607287.0
2017.0,12,103.0,41,7.8,88.0,374,60,296,306,780,61594.0,40442052.0
2016.0,1,148.0,22,7.8,73.02394958472874,3,558,26,440,201,27175.0,0.0
2016.0,5,101.0,62,7.8,84.0,509,114,59,548,721,118035.0,48023088.0
2016.0,12,184.0,90,7.8,71.92812469742543,349,579,445,53,202,40416.0,1782795.0
2016.0,14,137.0,137,7.8,96.0,275,105,551,473,557,246963.0,47695120.0
2015.0,8,100.0,157,7.8,75.0,314,522,480,385,635,35539.0,435266.0
2016.0,14,133.0,11,7.8,65.0,148,207,169,12,213,556608.0,532177324.0
2016.0,14,147.0,11,7.8,75.0,36,314,119,702,796,663649.0,408084349.0
2015.0,1,168.0,129,7.8,68.0,391,545,452,364,897,517059.0,54117416.0
2019.0,12,135.0,172,7.8,91.0,171,549,206,236,234,143250.0,108101214.0
2017.0,14,94.0,71,7.8,62.0,116,260,179,368,749,50778.0,6735118.0
2014.0,8,119.0,83,7.8,79.0,321,67,302,196,682,51841.0,0.0
2013.0,6,130.0,167,7.8,85.0,42,99,746,16,696,45002.0,1330596.0
2013.0,15,141.0,137,7.8,86.0,371,608,102,733,129,81125.0,2852400.0
2013.0,12,104.0,172,7.8,76.0,412,267,586,599,540,50523.0,4231500.0
2012.0,14,126.0,119,7.8,74.1763352696153,454,52,823,47,203,39710.0,169209.0
2014.0,12,102.0,62,7.8,74.0,114,127,684,756,371,410983.0,222527828.0
2013.0,8,123.0,102,7.8,55.0,404,168,635,82,561,303032.0,15322921.0
2012.0,12,134.0,101,7.8,74.00502042441212,152,569,1,556,712,33618.0,1670773.0
2013.0,6,126.0,72,7.8,83.0,179,254,291,578,601,73690.0,5209580.0
2019.0,12,100.0,67,7.8,84.0,261,604,765,45,871,203177.0,434038008.0
2013.0,8,131.0,129,7.8,49.0,167,227,373,794,210,108399.0,85433.0
2012.0,1,94.0,105,7.8,84.0,524,288,424,100,86,318789.0,45512466.0
2014.0,12,102.0,62,7.8,76.0,109,295,105,268,168,305611.0,177002924.0
2015.0,1,130.0,83,7.8,81.0,6,128,737,730,101,362942.0,70259870.0
2010.0,15,106.0,179,7.8,75.0751828744744,489,585,829,543,922,35713.0,0.0
2010.0,15,144.0,22,7.8,67.0,221,375,117,366,332,111252.0,128392.0
2011.0,8,158.0,129,7.8,71.0,100,145,673,142,826,423010.0,102515793.0
2013.0,14,134.0,37,7.8,82.0,372,604,66,67,136,421244.0,107100855.0
2010.0,8,119.0,22,7.8,74.52271886585882,224,642,687,799,323,62848.0,6460.0
2015.0,8,147.0,87,7.8,72.0,128,465,144,352,663,179264.0,161197785.0
2009.0,8,129.0,129,7.8,79.0,56,263,820,374,384,52758.0,547292.0
2008.0,15,125.0,24,7.8,64.0,186,361,421,879,918,58468.0,0.0
2013.0,14,161.0,56,7.8,66.0,383,264,511,683,495,601408.0,258366855.0
2009.0,14,144.0,154,7.8,82.0,330,129,212,489,879,68715.0,2222647.0
2009.0,8,152.0,129,7.8,76.0,356,440,590,226,530,208994.0,10095170.0
2020.0,8,129.0,156,7.8,77.0,1,175,21,734,399,89896.0,0.0
2020.0,15,117.0,100,7.8,81.0,493,399,762,515,521,33931.0,0.0
2010.0,14,116.0,90,7.8,79.0,106,416,124,24,616,340584.0,93617009.0
2008.0,1,90.0,36,7.8,51.0,388,386,494,228,528,564791.0,145000989.0
2008.0,6,94.0,157,7.8,55.0,306,47,155,724,929,190748.0,9030581.0
2007.0,8,86.0,165,7.8,88.0,235,236,508,309,288,110656.0,9439923.0
2012.0,14,169.0,56,7.8,58.0,383,418,300,683,40,757377.0,303003568.0
2007.0,15,122.0,137,7.8,85.0,132,54,595,840,672,30827.0,741283.0
2007.0,8,123.0,168,7.8,85.0,230,350,327,97,789,251370.0,50927067.0
2011.0,1,100.0,122,7.8,78.0,355,533,99,101,16,571571.0,35061555.0
2007.0,1,157.0,84,7.8,76.0,411,165,680,128,447,392449.0,130164645.0
2009.0,14,162.0,6,7.8,83.0,202,543,837,777,632,1118998.0,760507625.0
2009.0,8,141.0,147,7.8,63.0,197,289,701,192,544,216421.0,3600.0
2006.0,1,139.0,4,7.8,68.0,325,233,642,160,766,291018.0,50866635.0
2006.0,14,101.0,100,7.8,80.0,252,618,737,833,301,439856.0,59891098.0
2007.0,14,121.0,19,7.8,81.0,119,566,579,535,87,463466.0,23637265.0
2008.0,14,166.0,147,7.8,70.0,100,80,105,821,456,589160.0,127509326.0
2004.0,12,192.0,140,7.8,67.0,535,556,628,675,510,49050.0,2921738.0
2005.0,8,94.0,95,7.8,51.0,24,616,491,607,684,45717.0,1305.0
2005.0,5,129.0,172,7.8,82.0,230,350,524,97,210,258924.0,38405088.0
2005.0,12,127.0,90,7.8,68.0,429,37,166,312,851,51980.0,5128124.0
2003.0,14,90.0,67,7.8,73.0,443,561,788,882,66,31658.0,128985.0
2005.0,6,119.0,11,7.8,74.0,262,460,264,128,15,283310.0,25514517.0
2005.0,6,136.0,88,7.8,72.0,208,311,646,271,750,234207.0,119519402.0
2003.0,15,113.0,137,7.8,61.0,337,29,287,285,543,35682.0,15280.0
2004.0,1,123.0,172,7.8,53.0,354,222,326,665,774,520284.0,81001787.0
2004.0,12,126.0,38,7.8,75.0,522,218,671,592,618,96703.0,16756372.0
2002.0,8,109.0,122,7.8,82.0,297,466,60,645,562,42673.0,181655.0
2003.0,6,80.0,74,7.8,91.0,475,444,351,573,646,50622.0,7002255.0
2000.0,15,110.0,30,7.8,58.0,73,379,463,439,504,26518.0,0.0
2002.0,6,131.0,4,7.8,61.0,279,309,274,137,350,129022.0,54234062.0
2001.0,8,99.0,78,7.8,83.0,408,201,784,506,905,60684.0,2892011.0
2000.0,12,113.0,90,7.8,48.0,51,165,814,876,775,198089.0,115654751.0
2000.0,14,120.0,6,7.8,94.0,33,649,552,888,150,253228.0,128078872.0
1999.0,8,101.0,137,7.8,87.0,378,108,505,108,53,89058.0,8264530.0
2000.0,14,143.0,50,7.8,73.0,426,604,285,643,520,524235.0,233632142.0
1999.0,8,108.0,24,7.8,44.0,511,636,706,611,185,227143.0,25812.0
1999.0,14,157.0,91,7.8,84.0,331,531,9,142,195,159886.0,28965197.0
1999.0,5,108.0,86,7.8,71.0,229,276,118,476,153,82855.0,32481825.0
2001.0,12,90.0,67,7.8,84.0,26,620,553,205,124,613941.0,267665011.0
1997.0,14,194.0,172,7.8,75.0,202,382,428,87,485,1046089.0,659325379.0
1997.0,15,103.0,130,7.8,77.19306400578944,477,587,433,682,837,27712.0,233986.0
1997.0,14,106.0,177,7.8,64.0,29,201,791,418,295,280845.0,12339633.0
1997.0,14,129.0,27,7.8,61.0,100,437,157,761,369,345096.0,48323648.0
1996.0,8,159.0,137,7.8,76.0,285,194,735,449,386,62428.0,4040691.0
1994.0,12,127.0,83,7.8,70.0,495,327,512,750,686,164937.0,5887457.0
1993.0,12,118.0,137,7.8,73.0,286,327,474,428,597,215034.0,9170214.0
1993.0,8,130.0,16,7.8,50.0,160,356,452,843,781,126871.0,56505065.0
1993.0,12,101.0,101,7.8,55.0,105,603,554,59,688,78963.0,32416586.0
1993.0,12,134.0,172,7.8,84.0,206,37,205,396,158,66065.0,22954968.0
1993.0,15,132.0,100,7.8,84.0,339,159,475,449,299,34635.0,1769305.0
1993.0,12,130.0,22,7.8,87.0,27,249,778,764,463,267684.0,183875760.0
1993.0,8,121.0,130,7.8,80.0,418,514,114,495,266,128171.0,17266971.0
1993.0,5,76.0,63,7.8,78.51919242701968,276,78,232,162,249,43690.0,5617391.0
1992.0,8,128.0,24,7.8,77.11105070033742,249,649,779,810,703,46700.0,0.0
1991.0,8,129.0,100,7.8,68.0,227,641,250,502,14,55362.0,2015810.0
1991.0,8,98.0,145,7.8,86.0,283,268,819,291,471,42376.0,1999955.0
1991.0,1,112.0,122,7.8,76.0,247,140,459,305,547,126082.0,57504069.0
1990.0,8,107.0,179,7.8,75.0,413,277,431,689,265,184740.0,61276872.0
1990.0,12,121.0,85,7.8,74.0,379,514,665,427,773,125276.0,52096475.0
1989.0,12,103.0,68,7.8,83.0,179,364,558,681,473,124193.0,0.0
1989.0,8,122.0,87,7.8,78.0,120,425,160,112,648,122779.0,26830000.0
1989.0,8,111.0,22,7.8,82.0,249,649,150,741,513,45624.0,0.0
1989.0,12,108.0,44,7.8,57.0,426,438,131,482,856,481918.0,118500000.0
1988.0,1,128.0,125,7.8,65.0,12,223,815,239,100,88214.0,34603943.0
1987.0,1,107.0,11,7.8,45.0,245,45,101,458,238,371387.0,59735548.0
1987.0,1,84.0,18,7.8,72.0,440,90,700,161,480,148359.0,5923044.0
1986.0,12,103.0,93,7.8,61.0,240,425,12,559,391,321382.0,70136369.0
1986.0,8,107.0,95,7.8,75.0,227,606,394,711,665,47834.0,1436000.0
1985.0,12,114.0,41,7.8,62.0,405,551,410,359,166,244430.0,61503218.0
1985.0,12,154.0,137,7.8,78.0,470,151,810,622,573,78321.0,98467863.0
1985.0,14,97.0,100,7.8,66.0,240,192,411,586,27,357026.0,45875171.0
1984.0,14,141.0,87,7.8,76.0,430,542,277,400,461,51585.0,34700291.0
1984.0,14,105.0,18,7.8,71.0,193,66,145,777,312,355413.0,238632124.0
1983.0,5,193.0,38,7.8,91.0,386,541,703,203,192,56235.0,21500000.0
1982.0,12,109.0,95,7.8,73.0,313,514,366,191,785,88511.0,2500000.0
1982.0,12,115.0,186,7.8,91.0,470,253,180,650,188,372490.0,435110554.0
1979.0,1,105.0,137,7.8,77.0,416,174,535,343,465,133351.0,106260000.0
1978.0,5,94.0,172,7.8,93.0,485,506,88,744,542,52852.0,0.0
1976.0,1,135.0,201,7.8,69.0,84,135,729,126,85,65659.0,31800000.0
1975.0,5,129.0,57,7.8,91.0,241,552,539,142,777,44917.0,0.0
1974.0,12,113.0,170,7.8,85.0,137,223,387,21,271,98611.0,4420000.0
1973.0,12,72.0,82,7.8,73.0,399,55,360,221,385,25229.0,193817.0
1973.0,1,143.0,132,7.8,80.0,145,180,759,571,13,37445.0,16056255.0
1973.0,5,94.0,22,7.8,93.0,485,420,724,867,725,66009.0,0.0
1972.0,1,124.0,163,7.8,80.0,53,391,548,297,414,48334.0,42765000.0
1971.0,12,100.0,185,7.8,67.0,326,226,313,653,764,178731.0,4000000.0
1969.0,1,113.0,137,7.8,79.0,246,174,405,795,431,101124.0,44785053.0
1967.0,15,108.0,200,7.8,81.0,484,50,10,687,226,27733.0,17550741.0
1967.0,15,108.0,100,7.8,63.0,462,568,721,446,483,39642.0,56700000.0
1967.0,1,111.0,15,7.8,86.0,41,632,224,566,280,102415.0,0.0
1964.0,12,170.0,140,7.8,95.0,157,50,651,783,906,86525.0,72000000.0
1964.0,12,139.0,109,7.8,88.0,423,338,168,179,293,158029.0,102272727.0
1962.0,3,178.0,26,7.8,75.0,272,31,261,77,182,52141.0,39100000.0
1962.0,15,105.0,172,7.8,97.0,144,304,600,299,883,37605.0,0.0
1961.0,1,100.0,192,7.8,88.0,196,163,625,554,627,27007.0,2616000.0
1960.0,12,90.0,122,7.8,82.88340801542745,217,301,349,164,325,73251.0,336705.0
1948.0,7,133.0,4,7.8,83.78191993948764,187,46,401,588,413,28167.0,0.0
1948.0,15,100.0,22,7.8,84.66270741010027,241,262,188,478,545,36995.0,0.0
1944.0,5,100.0,43,7.8,85.3106842443159,187,262,458,863,204,31053.0,0.0
1943.0,5,108.0,191,7.8,94.0,22,593,408,512,328,59556.0,0.0
1939.0,7,96.0,54,7.8,93.0,237,326,135,33,418,43621.0,0.0
1938.0,15,96.0,199,7.8,98.0,22,405,546,640,612,47400.0,0.0
1938.0,7,102.0,110,7.8,91.0,187,346,104,122,894,55163.0,0.0
1935.0,15,75.0,160,7.8,95.0,213,77,200,151,882,43542.0,4360000.0
1933.0,15,69.0,117,7.8,93.0,290,242,279,125,932,55581.0,0.0
1932.0,5,93.0,22,7.8,87.0,187,508,618,37,475,25312.0,0.0
1931.0,7,70.0,160,7.8,91.0,213,136,492,92,415,65341.0,0.0
2018.0,8,135.0,137,7.7,96.0,20,644,502,194,130,140375.0,0.0
2017.0,15,104.0,172,7.7,85.0,138,334,18,259,339,25198.0,335609.0
2018.0,8,119.0,2,7.7,66.0,102,535,410,589,460,478586.0,324591735.0
2017.0,8,107.0,129,7.7,73.0,481,351,365,421,847,205444.0,33800859.0
2017.0,8,104.0,194,7.7,85.0,256,147,28,95,136,492851.0,176040665.0
2018.0,14,147.0,12,7.7,86.0,81,602,288,859,814,291257.0,220159104.0
2015.0,6,116.0,105,7.7,70.0,177,523,64,232,342,47444.0,3358518.0
2014.0,8,86.0,112,7.7,76.0,223,584,357,800,167,157498.0,3333000.0
2014.0,12,103.0,77,7.7,72.0,211,256,699,443,653,32798.0,765127.0
2014.0,12,123.0,89,7.7,72.0,209,175,225,830,823,404182.0,35893537.0
2014.0,1,129.0,2,7.7,60.0,320,138,754,748,620,590440.0,128261724.0
2014.0,14,126.0,172,7.7,69.0,260,559,49,596,523,344312.0,124872350.0
2015.0,6,105.0,100,7.7,74.0,21,596,634,617,664,123210.0,6743776.0
2014.0,1,119.0,100,7.7,87.0,14,439,833,209,35,580291.0,42340598.0
2013.0,1,180.0,172,7.7,89.0,2,396,2,740,65,138741.0,2199675.0
2013.0,12,130.0,178,7.7,40.0,4,20,741,669,32,32628.0,1122527.0
2012.0,15,111.0,165,7.7,70.0,134,619,383,603,278,39379.0,175058.0
2014.0,14,136.0,11,7.7,70.0,36,314,119,748,796,736182.0,259766572.0
2011.0,14,159.0,163,7.7,71.95513056840281,189,497,573,768,514,39501.0,985912.0
2013.0,14,115.0,40,7.7,87.0,19,91,813,430,95,112298.0,17654912.0
2012.0,12,101.0,67,7.7,72.0,401,317,317,346,792,380195.0,189422889.0
2015.0,5,108.0,68,7.7,70.0,307,305,486,665,581,56720.0,1339152.0
2011.0,15,98.0,137,7.7,52.0,507,6,127,520,559,77071.0,71177.0
2011.0,6,96.0,111,7.7,81.0,532,469,635,448,515,388089.0,56816662.0
2014.0,12,100.0,62,7.7,83.0,82,483,122,869,235,323982.0,257760692.0
2013.0,14,91.0,177,7.7,96.0,20,546,257,203,679,769145.0,274092705.0
2013.0,14,132.0,11,7.7,72.0,195,123,834,889,81,463188.0,228778661.0
2015.0,15,137.0,182,7.7,79.0,71,3,207,693,37,73964.0,83861.0
2010.0,14,120.0,85,7.7,95.0,100,306,36,434,755,624982.0,96962694.0
2011.0,14,131.0,11,7.7,65.0,320,281,541,365,499,645512.0,146408305.0
2009.0,14,100.0,93,7.7,73.0,499,652,82,431,218,717559.0,277322503.0
2012.0,14,143.0,12,7.7,81.0,438,145,344,595,453,630614.0,304360277.0
2012.0,1,122.0,105,7.7,81.0,106,81,363,701,356,661871.0,132092958.0
2012.0,1,120.0,91,7.7,86.0,45,57,91,395,12,572581.0,136025503.0
2009.0,14,95.0,105,7.7,76.0,305,655,409,261,151,472242.0,32391374.0
2010.0,1,146.0,55,7.7,65.0,107,148,206,726,87,479120.0,295983305.0
2008.0,12,101.0,67,7.7,86.0,179,106,521,492,870,125317.0,15090400.0
2008.0,8,122.0,87,7.7,80.0,433,213,547,457,783,103330.0,18593156.0
2006.0,12,90.0,78,7.7,81.0,443,431,788,450,878,71379.0,881302.0
2008.0,8,141.0,84,7.7,63.0,84,33,142,25,276,239203.0,35739802.0
2010.0,5,90.0,105,7.7,45.0,413,398,97,680,51,81446.0,1752214.0
2006.0,12,98.0,67,7.7,74.30251710643256,301,509,750,582,67,60368.0,0.0
2006.0,15,126.0,123,7.7,73.71799706899839,455,590,440,60,926,28630.0,0.0
2006.0,15,101.0,122,7.7,86.0,451,597,736,376,39,115576.0,327919.0
2014.0,14,108.0,177,7.7,78.0,16,18,173,624,822,474141.0,25442958.0
2006.0,8,120.0,137,7.7,78.0,474,399,722,717,662,32001.0,412544.0
2006.0,8,123.0,87,7.7,74.0,278,281,230,270,498,175355.0,17605861.0
2007.0,14,157.0,129,7.7,78.0,100,276,657,531,51,466080.0,33080084.0
2006.0,8,110.0,22,7.7,53.0,375,333,72,590,559,299524.0,22494487.0
2005.0,6,116.0,153,7.7,70.0,79,167,74,283,657,28003.0,1054361.0
2007.0,8,122.0,88,7.7,78.0,38,539,694,155,22,61609.0,871577.0
2010.0,12,100.0,67,7.7,71.0,348,98,498,885,211,405922.0,200821936.0
2006.0,8,145.0,180,7.7,71.0,377,100,709,817,308,72643.0,4398392.0
2005.0,1,134.0,172,7.7,87.0,33,276,283,575,726,323103.0,83043761.0
2007.0,1,122.0,22,7.7,76.0,208,531,124,71,549,288797.0,53606916.0
2004.0,14,112.0,132,7.7,66.0,373,169,696,814,476,419483.0,54580300.0
2004.0,14,99.0,18,7.7,78.0,465,571,805,664,815,127250.0,17108591.0
2004.0,1,108.0,33,7.7,73.0,372,424,233,377,103,434841.0,176241941.0
2004.0,8,101.0,179,7.7,61.0,57,128,362,6,436,358432.0,1082715.0
2004.0,1,152.0,88,7.7,73.0,480,284,647,456,163,138356.0,75331600.0
2003.0,14,102.0,100,7.7,89.0,457,66,702,274,45,415074.0,44585453.0
2005.0,14,157.0,55,7.7,81.0,340,148,206,726,251,548619.0,290013036.0
2004.0,14,146.0,22,7.7,47.0,508,165,133,159,718,329592.0,77911774.0
2009.0,12,100.0,77,7.7,80.0,182,142,760,397,396,197761.0,75286229.0
2003.0,14,154.0,25,7.7,55.0,120,602,439,84,907,400049.0,111110575.0
2002.0,8,114.0,137,7.7,83.0,384,182,178,609,48,25938.0,4890878.0
2003.0,8,121.0,105,7.7,68.0,529,144,432,144,260,137981.0,4064200.0
2002.0,6,105.0,137,7.7,76.0,228,470,694,195,790,40403.0,15539266.0
2001.0,6,132.0,137,7.7,28.0,225,553,549,159,196,142863.0,40311852.0
2002.0,8,115.0,100,7.7,83.0,458,461,535,132,859,178565.0,22245861.0
2001.0,1,144.0,157,7.7,74.0,411,333,219,831,247,364254.0,108638745.0
2002.0,1,117.0,132,7.7,72.0,438,604,787,696,536,246840.0,104454762.0
2001.0,8,120.0,179,7.7,60.0,363,454,125,616,914,90842.0,141072.0
2000.0,8,110.0,162,7.7,74.0,466,283,419,355,372,126770.0,21995263.0
2001.0,8,95.0,103,7.7,85.0,234,318,562,786,855,31957.0,3029081.0
2001.0,14,116.0,136,7.7,74.0,469,229,81,422,603,516372.0,183417150.0
2000.0,12,103.0,65,7.7,62.0,540,32,397,629,900,29210.0,151086.0
2000.0,12,107.0,39,7.7,69.0,231,200,257,404,861,286742.0,45512588.0
2002.0,8,116.0,40,7.7,74.60175094406242,54,280,245,472,604,29999.0,0.0
1999.0,1,81.0,75,7.7,73.0,510,612,522,537,346,192112.0,52037603.0
1999.0,8,89.0,93,7.7,68.0,338,526,359,177,9,241575.0,10824921.0
1998.0,15,134.0,100,7.7,81.0,500,286,404,655,217,66408.0,2807390.0
2001.0,1,122.0,132,7.7,69.0,37,165,214,757,865,390247.0,76631907.0
1998.0,14,93.0,105,7.7,86.0,524,292,76,619,803,169229.0,17105219.0
1997.0,12,119.0,169,7.7,75.05137544640604,13,179,621,124,257,64082.0,368234.0
1999.0,8,113.0,102,7.7,90.0,458,320,98,117,429,312542.0,22858926.0
1997.0,1,139.0,105,7.7,67.0,207,273,285,281,170,275755.0,148478011.0
1997.0,14,126.0,11,7.7,52.0,294,93,557,256,340,434125.0,63540020.0
1998.0,6,80.0,93,7.7,73.0,139,595,322,241,177,37424.0,4065116.0
1997.0,1,127.0,84,7.7,76.0,340,9,402,567,112,279318.0,41909762.0
1996.0,12,105.0,88,7.7,87.0,444,227,57,432,821,51350.0,35811509.0
1996.0,1,129.0,129,7.7,47.0,170,506,456,209,428,189716.0,56116183.0
1996.0,6,242.0,137,7.7,71.93037617085454,274,354,417,190,482,35991.0,4414535.0
1995.0,12,97.0,139,7.7,83.0,20,387,193,491,771,32236.0,10019307.0
1995.0,14,99.0,95,7.7,71.0,269,381,550,803,148,26429.0,0.0
1994.0,12,108.0,83,7.7,81.0,333,423,518,656,575,33600.0,21848932.0
1994.0,8,92.0,93,7.7,70.0,280,85,353,528,546,211450.0,3151130.0
1993.0,8,188.0,100,7.7,79.0,415,28,415,824,109,42275.0,6110979.0
1993.0,14,125.0,137,7.7,66.0,253,604,160,710,118,224169.0,77324422.0
1992.0,3,85.0,101,7.7,64.0,62,436,442,176,641,50298.0,27281507.0
1992.0,12,202.0,87,7.7,73.0,459,165,40,185,824,85819.0,48169908.0
1992.0,14,112.0,4,7.7,76.0,331,146,488,727,250,150409.0,75505856.0
1992.0,12,94.0,67,7.7,83.0,179,562,770,102,875,77798.0,0.0
1992.0,8,100.0,129,7.7,82.0,203,9,316,14,12,95826.0,10725228.0
1992.0,12,138.0,179,7.7,62.0,413,602,318,187,499,235388.0,141340178.0
1991.0,6,130.0,137,7.7,64.0,250,347,372,540,598,66941.0,82418501.0
1991.0,12,116.0,106,7.7,69.0,231,200,400,395,455,113240.0,6153939.0
1990.0,8,115.0,132,7.7,66.0,231,200,241,13,437,125822.0,5080409.0
1988.0,12,104.0,67,7.7,83.0,426,75,131,379,142,182009.0,156452370.0
1988.0,15,107.0,199,7.7,76.95966129747268,163,62,251,387,306,33982.0,0.0
1987.0,8,107.0,100,7.7,84.0,63,504,617,690,720,40396.0,1544889.0
1987.0,12,163.0,87,7.7,76.0,47,323,376,652,769,94326.0,43984230.0
1987.0,12,153.0,26,7.7,62.0,470,128,395,579,666,115677.0,22238696.0
1986.0,8,130.0,129,7.7,54.0,216,552,126,298,240,102031.0,7153487.0
1986.0,1,120.0,170,7.7,76.0,103,269,453,189,523,181285.0,8551228.0
1985.0,12,82.0,111,7.7,75.0,532,433,355,169,344,47102.0,10631333.0
1985.0,14,97.0,95,7.7,90.0,313,241,676,849,869,59635.0,10600000.0
1983.0,5,79.0,93,7.7,78.60093726646417,532,643,537,633,416,39881.0,11798616.0
1982.0,12,129.0,137,7.7,77.0,456,473,113,332,367,36096.0,54000000.0
1982.0,12,113.0,11,7.7,67.0,352,640,473,181,363,112704.0,78912963.0
1982.0,1,93.0,0,7.7,61.0,483,580,87,687,85,226541.0,47212904.0
1980.0,12,124.0,137,7.7,86.0,421,171,516,417,862,47099.0,54800000.0
1980.0,12,88.0,93,7.7,78.0,226,160,367,704,464,214882.0,83400000.0
1979.0,12,100.0,69,7.7,71.0,179,646,192,465,567,27014.0,0.0
1978.0,1,91.0,196,7.7,87.0,236,170,332,835,654,233106.0,47000000.0
1976.0,8,126.0,179,7.7,71.0,431,525,308,558,411,39889.0,1924733.0
1975.0,5,85.0,120,7.7,89.0,532,643,164,266,267,36037.0,0.0
1974.0,12,104.0,24,7.7,68.0,259,631,663,534,322,26729.0,0.0
1974.0,1,93.0,121,7.7,73.0,324,134,254,780,320,125993.0,119500000.0
1973.0,1,130.0,84,7.7,87.0,456,9,398,328,84,109941.0,29800000.0
1973.0,1,102.0,22,7.7,83.0,417,92,399,372,7,96561.0,25000000.0
1972.0,12,109.0,52,7.7,80.0,233,328,94,600,754,98740.0,7056013.0
1971.0,1,104.0,22,7.7,94.0,525,223,678,231,872,110075.0,15630710.0
1971.0,1,102.0,24,7.7,90.0,115,135,37,292,733,143292.0,35900000.0
1968.0,12,158.0,13,7.7,63.0,61,502,138,541,689,51913.0,0.0
1968.0,3,105.0,93,7.7,86.0,155,272,808,392,329,31572.0,44527234.0
1967.0,15,150.0,13,7.7,73.0,414,376,211,120,419,67183.0,45300000.0
1967.0,1,100.0,172,7.7,80.30950550897174,296,107,350,572,282,40274.0,26331.0
1966.0,12,120.0,87,7.7,72.0,145,474,809,708,532,31222.0,28350000.0
1965.0,15,105.0,161,7.7,91.0,431,107,299,393,924,48883.0,0.0
1964.0,12,138.0,157,7.7,77.0,88,570,315,841,360,35999.0,0.0
1964.0,1,110.0,12,7.7,87.0,174,552,262,304,810,174119.0,51081062.0
1963.0,1,119.0,159,7.7,90.0,22,521,769,371,838,171739.0,11403529.0
1962.0,7,106.0,179,7.7,76.0,194,240,659,662,551,26457.0,0.0
1960.0,15,101.0,161,7.7,81.40565201859752,332,345,43,585,611,31354.0,83957.0
1960.0,2,128.0,14,7.7,74.0,248,648,739,120,231,87719.0,4905000.0
1960.0,15,90.0,158,7.7,90.0,165,486,27,429,23,27620.0,52709.0
1956.0,2,80.0,160,7.7,92.0,115,357,147,475,508,44839.0,0.0
1955.0,6,111.0,137,7.7,89.0,353,279,577,739,406,83363.0,0.0
1955.0,15,91.0,94,7.7,91.0,18,12,624,119,330,26464.0,0.0
1954.0,7,113.0,105,7.7,72.0,49,262,62,874,895,59415.0,0.0
1952.0,7,129.0,105,7.7,81.91111255747688,237,326,525,68,898,34677.0,10550000.0
1951.0,12,92.0,176,7.7,82.72743398691782,425,441,608,308,782,76315.0,0.0
1951.0,5,105.0,50,7.7,91.0,241,262,429,706,700,71481.0,536118.0
1946.0,2,110.0,151,7.7,83.29924950571103,76,510,266,263,444,27991.0,0.0
1940.0,3,125.0,81,7.7,96.0,201,544,229,610,186,88662.0,76408097.0
1933.0,11,71.0,195,7.7,87.0,213,133,268,873,328,30683.0,0.0
2019.0,6,126.0,87,7.6,73.0,498,415,46,824,89,60408.0,0.0
2018.0,13,102.0,170,7.6,71.0,32,319,158,414,630,140840.0,26020957.0
2019.0,1,161.0,100,7.6,83.0,391,382,81,524,241,551309.0,142502728.0
2017.0,8,127.0,137,7.6,86.0,31,421,20,549,580,29765.0,566356.0
2017.0,1,111.0,137,7.6,92.0,445,89,86,871,159,95181.0,5904366.0
2019.0,1,137.0,84,7.6,68.0,113,434,331,99,147,46739.0,0.0
2017.0,6,101.0,137,7.6,60.0,305,121,527,498,673,99643.0,24801212.0
2019.0,6,97.0,40,7.6,70.0,512,442,835,38,175,66346.0,13122642.0
2015.0,15,138.0,130,7.6,77.0,447,371,239,247,116,52903.0,0.0
2015.0,6,97.0,137,7.6,83.0,111,246,172,839,233,35785.0,845464.0
2017.0,14,136.0,2,7.6,67.0,205,124,837,175,888,569974.0,389813101.0
2017.0,14,113.0,22,7.6,86.0,119,36,403,407,228,439406.0,107825862.0
2017.0,14,134.0,16,7.6,72.0,257,332,556,358,393,58371.0,18340051.0
2015.0,14,142.0,156,7.6,81.0,470,604,507,11,33,287659.0,72313754.0
2018.0,14,118.0,62,7.6,80.0,58,139,293,752,336,250057.0,608581744.0
2016.0,12,107.0,67,7.6,81.0,432,324,174,136,62,272784.0,248757044.0
2015.0,1,121.0,22,7.6,82.0,110,193,410,75,440,371291.0,46889293.0
2015.0,1,133.0,178,7.6,82.0,436,434,743,813,706,247666.0,109767581.0
2014.0,8,140.0,122,7.6,92.0,31,16,195,718,892,49397.0,1092800.0
2016.0,8,102.0,22,7.6,88.0,104,123,71,358,290,204175.0,26862450.0
2013.0,6,98.0,83,7.6,77.0,467,336,738,782,572,94212.0,37707719.0
2014.0,14,130.0,4,7.6,79.0,318,220,441,35,512,411599.0,208545589.0
2012.0,15,112.0,199,7.6,71.56742527688294,367,330,298,69,63,57549.0,0.0
2011.0,1,101.0,36,7.6,73.0,149,265,34,678,214,190531.0,4105123.0
2012.0,1,109.0,22,7.6,68.0,98,276,545,40,29,228132.0,41003371.0
2010.0,12,94.0,69,7.6,80.0,185,24,561,732,846,80939.0,19202743.0
2018.0,14,136.0,165,7.6,88.0,59,370,82,742,300,334312.0,215288866.0
2010.0,6,110.0,184,7.6,80.0,127,315,354,546,307,311822.0,171243005.0
2010.0,8,118.0,172,7.6,65.0,474,446,785,533,904,38491.0,1008098.0
2010.0,12,95.0,73,7.6,72.0,387,125,737,353,770,500851.0,251513985.0
2011.0,8,100.0,105,7.6,72.0,254,331,710,40,113,315426.0,35014192.0
2010.0,14,117.0,17,7.6,66.0,320,1,581,129,273,524081.0,48071303.0
2009.0,15,113.0,3,7.6,71.95247302083186,93,395,16,52,569,63882.0,0.0
2011.0,6,133.0,90,7.6,87.0,46,80,666,408,705,369529.0,75605492.0
2011.0,8,120.0,161,7.6,70.0,378,40,194,342,582,138959.0,3185812.0
2009.0,1,88.0,42,7.6,73.0,435,306,204,877,2,520041.0,75590286.0
2008.0,15,107.0,179,7.6,72.01448083731171,112,342,239,551,397,102742.0,0.0
2009.0,6,128.0,9,7.6,57.0,175,516,412,665,587,583158.0,209028679.0
2009.0,14,129.0,90,7.6,53.0,244,492,696,823,357,293266.0,255959475.0
2007.0,6,104.0,137,7.6,79.0,502,507,276,163,331,41544.0,9422422.0
2008.0,14,123.0,137,7.6,36.0,147,635,677,877,621,286770.0,69951824.0
2007.0,8,100.0,22,7.6,82.0,99,457,796,57,442,227760.0,17114882.0
2007.0,12,127.0,55,7.6,66.0,320,112,134,776,341,255036.0,38634938.0
2009.0,15,71.0,69,7.6,81.0,505,463,218,98,633,31779.0,686383.0
2006.0,8,129.0,129,7.6,76.0,459,165,139,381,157,339757.0,88513495.0
2007.0,8,114.0,129,7.6,72.0,45,453,183,114,631,250590.0,20300218.0
2007.0,6,140.0,88,7.6,66.0,365,412,744,631,243,82781.0,10301706.0
2006.0,6,104.0,16,7.6,70.0,434,307,476,881,923,72863.0,24633730.0
2006.0,12,110.0,146,7.6,68.0,350,181,369,638,767,354728.0,39868642.0
2004.0,15,90.0,132,7.6,52.0,451,470,246,827,833,49728.0,6013.0
2009.0,14,153.0,5,7.6,78.0,107,148,206,726,622,474827.0,301959197.0
2006.0,1,117.0,25,7.6,52.0,543,232,472,180,206,732876.0,210614939.0
2005.0,8,124.0,174,7.6,72.0,532,550,407,217,605,206294.0,23089926.0
2009.0,1,162.0,27,7.6,56.0,543,274,613,109,568,500799.0,107509799.0
2005.0,8,122.0,22,7.6,62.0,29,461,214,350,106,294140.0,24149632.0
2004.0,14,103.0,194,7.6,46.0,212,103,469,170,494,379020.0,56000369.0
2008.0,8,124.0,137,7.6,67.0,77,484,694,575,136,83158.0,3081925.0
2004.0,8,105.0,137,7.6,73.0,169,82,409,212,149,65939.0,697181.0
2003.0,8,93.0,105,7.6,45.0,534,243,503,815,450,67360.0,548707.0
2004.0,12,133.0,168,7.6,76.0,219,51,247,381,208,70925.0,6167817.0
2003.0,8,89.0,100,7.6,81.0,502,477,607,89,691,67370.0,5739376.0
2003.0,14,124.0,132,7.6,70.0,14,553,73,594,180,224545.0,16290476.0
2002.0,8,129.0,132,7.6,56.0,73,343,716,63,405,62659.0,45289.0
2004.0,12,106.0,86,7.6,67.0,304,327,428,424,718,198677.0,51680613.0
2002.0,8,135.0,137,7.6,68.0,459,181,68,655,757,169708.0,13060843.0
2004.0,12,113.0,177,7.6,30.0,124,271,61,26,617,451479.0,57938693.0
2002.0,1,113.0,160,7.6,73.0,95,131,572,139,20,376853.0,45064915.0
2000.0,15,114.0,4,7.6,81.0,282,590,5,807,843,169091.0,0.0
2001.0,1,110.0,100,7.6,76.0,524,223,275,36,80,266842.0,52364010.0
2001.0,1,106.0,137,7.6,88.0,20,409,242,165,34,115827.0,13622333.0
2001.0,12,152.0,55,7.6,64.0,78,148,679,691,565,658185.0,317575550.0
2001.0,6,101.0,194,7.6,74.0,13,462,130,234,11,337651.0,96522687.0
2001.0,8,124.0,84,7.6,52.0,482,327,621,246,713,240714.0,52990775.0
2001.0,1,131.0,157,7.6,53.0,216,335,183,413,717,243729.0,51401758.0
2002.0,1,145.0,23,7.6,80.0,470,602,141,746,610,508417.0,132072926.0
1999.0,8,146.0,90,7.6,74.0,361,165,793,183,538,91557.0,50668906.0
2000.0,1,101.0,95,7.6,64.0,315,128,422,415,90,490062.0,15070285.0
1998.0,14,81.0,132,7.6,77.0,503,215,568,301,670,188317.0,7267585.0
1998.0,1,170.0,182,7.6,78.0,485,309,707,606,509,172710.0,36400491.0
1998.0,12,88.0,69,7.6,71.0,506,56,559,205,71,256906.0,120620254.0
1998.0,8,118.0,40,7.6,41.0,487,327,73,826,623,259753.0,10680275.0
1997.0,1,108.0,132,7.6,69.0,330,578,790,58,268,65058.0,0.0
1998.0,1,100.0,198,7.6,66.0,17,530,446,363,911,187927.0,14378331.0
1996.0,14,147.0,132,7.6,49.0,44,514,443,93,377,186734.0,49100000.0
1997.0,1,134.0,199,7.6,52.0,103,68,606,403,555,131101.0,3796699.0
1995.0,12,136.0,172,7.6,84.0,33,196,428,337,868,102598.0,43182776.0
1995.0,1,128.0,12,7.6,58.0,245,93,364,748,297,364420.0,100012499.0
1995.0,8,121.0,47,7.6,62.0,227,327,243,156,519,90442.0,1037847.0
1995.0,1,135.0,172,7.6,69.0,84,135,535,44,885,73172.0,71516617.0
2002.782718566283,12,140.0,48,7.6,77.0,433,604,77,457,275,269197.0,173837933.0
1994.0,12,92.0,105,7.6,88.0,283,654,418,349,401,64390.0,1464625.0
1993.0,8,113.0,22,7.6,56.0,232,437,658,66,716,171640.0,40903593.0
1993.0,12,102.0,93,7.6,78.0,408,291,811,548,756,165465.0,7993039.0
1992.0,14,120.0,94,7.6,68.0,255,313,506,671,643,107325.0,52929168.0
1991.0,12,118.0,79,7.6,90.0,192,447,782,880,614,27071.0,453243.0
1991.0,8,99.0,94,7.6,66.0,303,302,501,198,685,80487.0,1794187.0
1990.0,12,103.0,108,7.6,63.0,78,397,382,167,425,488817.0,285761243.0
1990.0,1,162.0,122,7.6,60.0,137,9,164,34,844,359809.0,66666062.0
1989.0,14,95.0,105,7.6,76.0,413,71,529,110,112,195663.0,92823600.0
1989.0,12,83.0,81,7.6,88.0,432,324,380,747,732,237696.0,111543479.0
1988.0,12,85.0,94,7.6,76.0,108,384,630,613,736,152871.0,78756177.0
1987.0,12,93.0,100,7.6,72.0,240,573,385,474,625,124773.0,49530280.0
1987.0,1,109.0,24,7.6,68.0,405,432,149,255,642,236894.0,65207127.0
1984.0,1,99.0,132,7.6,82.0,231,200,390,239,176,87745.0,2150000.0
1981.0,14,109.0,137,7.6,68.0,308,346,289,344,216,27650.0,119285432.0
1981.0,1,96.0,11,7.6,77.0,159,432,89,569,609,166588.0,12465371.0
1979.0,14,92.0,24,7.6,65.0,521,435,328,202,105,93878.0,22490039.0
1979.0,12,95.0,41,7.6,74.0,204,310,231,369,743,32802.0,76657000.0
1979.0,1,112.0,15,7.6,76.0,115,135,611,712,354,121731.0,43000000.0
1978.0,12,91.0,68,7.6,64.0,312,321,393,686,722,33656.0,0.0
1978.0,1,121.0,84,7.6,59.0,12,79,305,88,683,73662.0,35000000.0
1977.0,12,138.0,176,7.6,90.0,470,503,238,811,615,184966.0,132088635.0
1973.0,1,112.0,95,7.6,87.0,415,188,587,788,586,26337.0,959000.0
1971.0,5,157.0,183,7.6,77.0,449,520,325,719,576,30144.0,696690.0
1970.0,4,144.0,45,7.6,50.0,61,135,757,199,135,45338.0,1378435.0
1967.0,12,78.0,69,7.6,65.0,531,482,708,508,110,166409.0,141843612.0
1966.0,1,111.0,170,7.6,82.0,336,155,792,751,420,56513.0,0.0
1964.0,12,87.0,114,7.6,96.0,407,322,616,262,746,40351.0,13780024.0
1961.0,1,115.0,105,7.6,76.0,50,50,260,632,114,166544.0,0.0
1956.0,3,201.0,184,7.6,84.0,164,185,667,336,134,34075.0,0.0
1953.0,7,118.0,175,7.6,85.0,145,96,566,184,212,43374.0,30500000.0
1944.0,15,97.0,182,7.6,78.0,22,588,392,866,908,26471.0,0.0
1935.0,15,86.0,135,7.6,93.0,22,515,487,509,294,51853.0,0.0
